{"cameraMode":{"drawMode":0,"name":"Shaded","section":"Shading Mode"},"sceneLighting":true,"audioPlay":false,"sceneViewState":{"showFog":true,"showMaterialUpdate":false,"showSkybox":true,"showFlares":true,"showImageEffects":true,"showParticleSystems":true},"in2DMode":false,"pivot":{"x":2.5152359008789064,"y":-12.166950225830079,"z":0.5277032852172852},"rotation":{"x":-0.6323592662811279,"y":-0.07815130800008774,"z":0.06434223055839539,"w":-0.7680456042289734},"size":18.015789031982423,"orthographic":false}