{"cameraMode":{"drawMode":0,"name":"Shaded","section":"Shading Mode"},"sceneLighting":true,"audioPlay":false,"sceneViewState":{"showFog":true,"showMaterialUpdate":false,"showSkybox":true,"showFlares":true,"showImageEffects":true,"showParticleSystems":true},"in2DMode":false,"pivot":{"x":0.76251220703125,"y":-1.33209228515625,"z":4.2373046875},"rotation":{"x":0.010800180025398732,"y":0.04048176109790802,"z":-0.00043730426114052534,"w":0.9991234540939331},"size":8.641947746276856,"orthographic":true}